{
    "TransactionCount": {
        "count": {
            "0": 863268.0,
            "1": 20997.0
        },
        "mean": {
            "0": 1.1624454978060115,
            "1": 2.1462589893794353
        },
        "std": {
            "0": 0.4257461879548802,
            "1": 0.39595970092896077
        },
        "min": {
            "0": 1.0,
            "1": 2.0
        },
        "25%": {
            "0": 1.0,
            "1": 2.0
        },
        "50%": {
            "0": 1.0,
            "1": 2.0
        },
        "75%": {
            "0": 1.0,
            "1": 2.0
        },
        "max": {
            "0": 6.0,
            "1": 6.0
        }
    },
    "AverageTransactionAmount": {
        "count": {
            "0": 863268.0,
            "1": 20997.0
        },
        "mean": {
            "0": 1582.9659973409175,
            "1": 1238.2643993427632
        },
        "std": {
            "0": 6505.163525359013,
            "1": 2886.3652496260534
        },
        "min": {
            "0": 0.0,
            "1": 2.0
        },
        "25%": {
            "0": 190.0,
            "1": 250.5
        },
        "50%": {
            "0": 500.0,
            "1": 534.5
        },
        "75%": {
            "0": 1250.0,
            "1": 1171.5
        },
        "max": {
            "0": 1560034.99,
            "1": 75186.495
        }
    },
    "TotalTransactionAmount": {
        "count": {
            "0": 863268.0,
            "1": 20997.0
        },
        "mean": {
            "0": 1847.2178974084525,
            "1": 2674.2692627518213
        },
        "std": {
            "0": 7229.059594654181,
            "1": 6189.462672389479
        },
        "min": {
            "0": 0.0,
            "1": 4.0
        },
        "25%": {
            "0": 200.0,
            "1": 521.0
        },
        "50%": {
            "0": 520.0,
            "1": 1133.92
        },
        "75%": {
            "0": 1500.0,
            "1": 2528.0
        },
        "max": {
            "0": 1560034.99,
            "1": 150372.99
        }
    },
    "TransactionAmountStd": {
        "count": {
            "0": 122615.0,
            "1": 20997.0
        },
        "mean": {
            "0": 1761.0440406977677,
            "1": 1358.2881504281888
        },
        "std": {
            "0": 5922.264147419191,
            "1": 3982.08601968989
        },
        "min": {
            "0": 0.0,
            "1": 0.0
        },
        "25%": {
            "0": 175.79381687078757,
            "1": 141.4213562373095
        },
        "50%": {
            "0": 506.42987668580525,
            "1": 405.0519573256415
        },
        "75%": {
            "0": 1327.9465350683363,
            "1": 1127.1282092113568
        },
        "max": {
            "0": 511784.0892329499,
            "1": 105802.25927753172
        }
    },
    "Age": {
        "count": {
            "0": 860898.0,
            "1": 20995.0
        },
        "mean": {
            "0": 31.122221215521467,
            "1": 31.162419623719934
        },
        "std": {
            "0": 50.64793197883804,
            "1": 50.7650098218281
        },
        "min": {
            "0": -58.0,
            "1": -58.0
        },
        "25%": {
            "0": 24.0,
            "1": 24.0
        },
        "50%": {
            "0": 28.0,
            "1": 28.0
        },
        "75%": {
            "0": 33.0,
            "1": 33.0
        },
        "max": {
            "0": 216.0,
            "1": 216.0
        }
    },
    "AccountBalance": {
        "count": {
            "0": 861603.0,
            "1": 20997.0
        },
        "mean": {
            "0": 118210.88235531913,
            "1": 438.34757298661714
        },
        "std": {
            "0": 866927.5282460507,
            "1": 491.4630192018662
        },
        "min": {
            "0": 0.0,
            "1": 0.0
        },
        "25%": {
            "0": 5348.48,
            "1": 41.81
        },
        "50%": {
            "0": 17696.14,
            "1": 205.08
        },
        "75%": {
            "0": 59785.32,
            "1": 753.78
        },
        "max": {
            "0": 115035495.1,
            "1": 1681.45
        }
    },
    "DaysSinceLastTransaction": {
        "count": {
            "0": 863268.0,
            "1": 20997.0
        },
        "mean": {
            "0": 55.49391614191653,
            "1": 47.63499547554412
        },
        "std": {
            "0": 15.22373492092886,
            "1": 13.236992676055696
        },
        "min": {
            "0": 0.0,
            "1": 0.0
        },
        "25%": {
            "0": 43.0,
            "1": 39.0
        },
        "50%": {
            "0": 55.0,
            "1": 46.0
        },
        "75%": {
            "0": 69.0,
            "1": 57.0
        },
        "max": {
            "0": 81.0,
            "1": 80.0
        }
    },
    "CustomerTenure": {
        "count": {
            "0": 863268.0,
            "1": 20997.0
        },
        "mean": {
            "0": 2.6076293804473236,
            "1": 18.6144211077773
        },
        "std": {
            "0": 8.070668291901509,
            "1": 13.01114085337527
        },
        "min": {
            "0": 0.0,
            "1": 1.0
        },
        "25%": {
            "0": 0.0,
            "1": 8.0
        },
        "50%": {
            "0": 0.0,
            "1": 16.0
        },
        "75%": {
            "0": 0.0,
            "1": 27.0
        },
        "max": {
            "0": 81.0,
            "1": 81.0
        }
    },
    "TransactionsPerMonth": {
        "count": {
            "0": 863268.0,
            "1": 20997.0
        },
        "mean": {
            "0": Infinity,
            "1": 8.22238944661084
        },
        "std": {
            "0": NaN,
            "1": 11.922030180386129
        },
        "min": {
            "0": 0.7407407407407407,
            "1": 0.7407407407407407
        },
        "25%": {
            "0": NaN,
            "1": 2.4
        },
        "50%": {
            "0": NaN,
            "1": 4.0
        },
        "75%": {
            "0": NaN,
            "1": 7.5
        },
        "max": {
            "0": Infinity,
            "1": 90.0
        }
    }
}