Cluster,transaction_count,avg_transaction_amount,std_transaction_amount,min_transaction_amount,max_transaction_amount,total_transaction_amount,account_balance,age,avg_transaction_time,std_transaction_time,transaction_days_range,transaction_frequency,days_since_last_transaction,0.0,1.0,0.0,1.0,2.0,3.0,4.0,5.0,6.0,7.0,8.0,9.0
0,0.08797049369664374,-0.10647380495889348,-0.12061999925250624,-0.053306709137053876,-0.11824596223118318,-0.056925200350986284,0.05558799693241607,-0.04443058704124651,-0.06919471801469824,0.04366162957498228,0.09538837841623032,0.05372168775757387,-0.07018661988369912,0.47058823529411764,0.5294117647058824,0.28173374613003094,0.29411764705882354,0.3065015479876161,0.11764705882352941,,,,,,
1,-0.27730867078408283,-0.23979642712482666,-0.2524261333496661,0.1907804630988619,-0.27286822352769424,-0.33679580948272114,-0.04919697144397985,0.0820593633998659,0.06650102474030041,-0.1906174638934695,-0.19875703348310034,-0.2101574305180148,0.1492894404205079,0.4482758620689655,0.5517241379310345,,,0.013793103448275862,0.19310344827586207,0.35172413793103446,0.2896551724137931,0.14482758620689656,0.006896551724137931,,
2,0.28965198430777717,2.2563174009300146,2.261421127930458,0.028745707296770777,2.346916892858733,2.3376748507070264,0.14314763972827518,-0.20482577428103402,0.01675749224343815,-0.08816589420898707,0.17623150526261908,0.22376801105722824,-0.21828190295771666,0.48148148148148145,0.5185185185185185,0.018518518518518517,0.05555555555555555,0.1111111111111111,0.05555555555555555,0.16666666666666666,0.16666666666666666,0.1111111111111111,0.09259259259259259,0.09259259259259259,0.12962962962962962
3,0.11004966681850918,-0.1542306286142817,-0.15038853685588235,-0.11698898621596572,-0.14704492965553964,-0.12271534717230533,-0.033668515256654444,0.007435961109115634,-0.0006576696296229467,0.13329887032251683,0.04657141981554788,0.09783105435936534,-0.020856101499459778,0.49544072948328266,0.5045592705167173,,,,,,,0.07598784194528875,0.3221884498480243,0.2735562310030395,0.3282674772036474
4,0.03937438186467137,8.20818500795005,9.881231536825842,-0.2927897440936351,9.742375066501111,7.54913293621671,-0.08520807907592018,-0.20799379134054993,0.5940163677648689,0.5204970318909751,0.4976487695399549,-0.16908494419848535,-0.493694836618386,0.5,0.5,,,0.5,0.5,,,,,,
